Promoter sequences,Predicted Strength,Score
TAGATACGAGAATCGTTTTTCTGTATACGGTGTGG,0.02324009,100
TATACACCATCATGAGTCGGTTTTACAGTGTGTGG,0.0019971132,100
ATGGTAACTACTAAAGGAGAGCTGAAAAAGTGTGG,-0.09146094,100
TATACACCACCTTGAGGTGGTTTTACAGTGTGTGG,-0.057486176,100
AATATAGCATCAAAAGGGACTTTTAAATTGTGTGG,-0.03106469,100
ATGGTGACTGTGCATGTTAATTTTACACTGTGTGG,0.038063884,77.21327741935484
AAGGTTGCAGCTACAGACGATTTTACACTGTGTGG,0.004852295,100
ATGGTTTCGGCAAATGGCGATTTTACAGTGTGTGG,0.014221191,100
AAGACTGCAGCTGGAGCCGATTTTACAGTGTGTGG,-0.05891788,100
ATGGCACGAGCACCGTTTGTACGTAAAAGGTGTGG,0.04579556,52.272387096774196
ATGATTTTGTAATAATTGATTTCTAAACTGTGTGG,0.040686607,68.7528806451613
TATATTGCATCAGGTGTCGATTTTACAGTGTGTGG,-0.11931229,100
AAGGTAGCTGATTTTTTTATGCCTAAAAAGTGTGG,0.03981018,71.58006451612903
TATACACCGTAGTACTGTTGGTGTAGGGTGTGTGG,0.037589908,78.74223225806452
TAGATACGAGATTTTTTTATTCGTATTGTGTGTGG,-0.07525152,100
TATATACCACCAAGGGCCGATTTTACACTGTGTGG,0.046408415,50.29543548387097
ATGGTGTGTGTGTCTGTTAATTTTACATTGTGTGG,-0.08115363,100
TTGCTATGTGAATCGGCAATTCGTATTGTGTGTGG,-0.046785414,100
ATGACTGTAGATCAGGGAGAGGTGAAAATGTGTGG,0.020852208,100
ATGGCACCTGGTGTCGCTAATTCTACATTGTGTGG,0.04648614,50.04470967741934
ATGATTTGTGAACCGGGAACCTCAAAAAGGTGTGG,-0.25194645,100
AAGGTAACTGCAAGTGCCGGATTTACATTGTGTGG,0.034095526,90.01443225806452
TTGATACTACAGTGGTTTTTTTCTAAATTGTGTGG,-0.048978984,100
GAGATAGGAGATTCTTCAAAATTTACATTGTGTGG,0.017196774,100
AATACTGCATTGAACGGCGATGTGAAAAAGTGTGG,-0.17134506,100
AATATACCGTAGAGGGCCGAATTTACACTGTGTGG,0.04829669,44.2042258064516
GTGATTGGTGGATCTGCAACTTTTACATTGTGTGG,-0.0014020205,100
ATGGTCTATGCAACGGGGGGATTTAAATTGTGTGG,-0.027374983,100
ATGACTCTTGATTAGTTTATCCCTAAAAGGTGTGG,0.0416584,65.61806451612904
ACGGCTGCTGGGGGTGCCGATTTTACAGTGTGTGG,-0.018594086,100
ATGGTGTTTGCTCTGGATCAGTTTTTACAGTGTGG,-0.14515269,100
TATATATCATAGTGTGCCGATTTTACAGTGTGTGG,0.0015708208,100
GTGGTGTGTTTTACGGGTACGTCAAAAAGGTGTGG,-0.0076250434,100
ATGGTAACTTTTTACGGTCAGTCAAAAATGTGTGG,0.02787137,100
GAGATTGGAGCTTTTTTTACATCTAAATTGTGTGG,-0.15026814,100
CTGCTACATGAACCGCGATACGCGAAAAAGTGTGG,0.04898703,41.97732258064516
ACGGCTGCAGCAAAAGGGGGGGTGGAAAAGTGTGG,-0.39092523,100
GTGACTGTAGCTCATGGGGAGGTGAAAAGGTGTGG,-0.27443665,100
CATACAACATATTGACGTACCGCGAAAAGGTGTGG,-0.026178658,100
GTGATATGTGATTTTTTTCTTCGTATACAGTGTGG,0.040860295,68.19259677419356
AATATAGCAGAGGGAGCCGATTTTACAGTGTGTGG,-0.017940104,100
GGGGTACATGAATCTGGAACCTTTAAATTGTGTGG,-0.032553494,100
ATGGTATATGAGGTTTTCAAACGAAAAAGGTGTGG,-0.020210445,100
ATGGTAATTGGTCACGGTACTGTGATACGGTGTGG,0.022447824,100
AAGGCAGCAGCTAAAGACGAATTAACAGGGTGTGG,-0.051311553,100
TAGATAGCTTTGAGAGCCGATTTTACAGTGTGTGG,0.060875416,3.6276903225806345
AAGGCAACTTGAACTTCAAGATTTACATTGTGTGG,0.028047204,100
CAGGCAACTATGACGGACGAATTTACACTGTGTGG,0.040887356,68.10530322580645
AATACTGCGTAACATGGAGACTTTAAATTGTGTGG,-0.047233284,100
TATATACCAGAGGGTGCCGAATTTACATTGTGTGG,-0.13209331,100
AAGATAGATGAGTGTGTCGACTCTAAATTGTGTGG,-0.08714807,100
TTCACAAGAGATTGGTTTTTCTCTAAAAAGTGTGG,-0.029543161,100
GGGGTATCTGCACAAGGGGAGTTTACATTGTGTGG,0.041818023,65.1031516129032
TATACAACATTATGAGGGGAACTGAAAAAGTGTGG,-0.10921556,100
CAGGTAACTTCTACAGACGAATTTAGAGTGTGTGG,-0.15447295,100
AAGGTTGCTGAATGGTTCGATTTTACATTGTGTGG,0.05548513,21.01570967741935
CATACAACAGCAAAAGGTGGATCTAAACGGTGTGG,-0.20629358,100
AAGGTTGCAGAATCTTCAGGATTTACATTGTGTGG,-0.007848203,100
AAGGTTGTTGCACACGAAAAGTTTACACTGTGTGG,0.05493033,22.805387096774197
AAGGTTGCAGATTTTTTTCAGTTTACAGTGTGTGG,-0.08967674,100
TTGCTACAAGAATACTTTACCCCAAAACGGTGTGG,-0.080350995,100
GTGGTACATGAACCGGTAATCTTTAAATTGTGTGG,0.011229277,100
AAGGTAACTTTGACTGCAAAATTTACATTGTGTGG,-0.065617085,100
AAGGTTGCTGGATCTGCAAAATTTACATTGTGTGG,0.032946944,93.71953548387097
AAGATTGGAGAACCGTTAACTTTTAAATTGTGTGG,0.044635296,56.015174193548404
AAGATTGTAGCTAAAGGGGGGGTGAAAAAGTGTGG,-0.2822137,100
AAGACTGCAGCTCGCGATTGGTCTATTGTGTGTGG,-0.0009558201,100
ATGGTACATGAATCGTGTCTCCCAAAAAGGTGTGG,-0.06810063,100
TACATACGTGGATCTGCAATCTCTAAATTGTGTGG,0.029257774,100
AAGGTAACTTTGATCGGCGATTTTAAAATGTGTGG,9.691715e-05,100
ACGGCTGGAGCACGGTTTTTCCCTAAAGTGTGTGG,0.033029675,93.45266129032257
AAGGTAACTGTATCTGTCGGATTTACAATGTGTGG,0.054866552,23.01112258064516
TATACACCACCATAAGCCGGTTTTACAGTGTGTGG,-0.061511636,100
AGGGTTGTAGCTAAAGCGAAATTGACACAGTGTGG,-0.39193928,100
ATGGTATCTGCTCTTCGTTAGGTGAAAAAGTGTGG,-0.2791745,100
TATATACCATAATGAGCCGATTTTACAGTGTGTGG,-0.05848837,100
AAGATAGCAGGGGGTGCCGATTTTACAGTGTGTGG,0.00580287,100
ATGGCTGTTGCAAAAGGCGACGTGAAAAAGTGTGG,-0.14087397,100
AAGGTTACTTTGCTCTTTATTTGTAAAAAGTGTGG,0.0143466,100
AAGGTAACGTTGAACTGTTGTTCTATCGTGTGTGG,-0.014053106,100
CAGGTTGCATCTTCTTCAGGGTGTAAATTGTGTGG,0.03459525,88.4024193548387
TTTGTACGTGATTTTTTTACTGCAAAAAGGTGTGG,-0.29319882,100
TAGGTTGCAGGAACTGCAAATTTTAAATTGTGTGG,-0.14934087,100
GTGGTATATGGGGTTGCTCATTTTACATTGTGTGG,0.0133847,100
AAGATTGCTGGATCTGTTAATTTTACATTGTGTGG,0.0333066,92.55935483870968
CAGGCAGCTGGGGGTGCCAAATTTAAATTGTGTGG,-0.16772032,100
TATATACCAGCAGGAGACGAATTTACAGTGTGTGG,0.0060737133,100
TTCATACGAGAAACGTGAACCTTTAAATTGTGTGG,-0.000197649,100
CAGACATCGTAGTAATCCGAATGTAAAAAGTGTGG,0.039595008,72.27416774193549
CTGGTAAGTGAACCGTCAAACTTTAAATTGTGTGG,-0.04615301,100
TAGATTGGGGAACAACGGGGGGTGACAAAGTGTGG,-0.00501436,100
TATACACCATCAGGAGCCAATTTTAAATTGTGTGG,-0.070771396,100
CAGGTAACTGGGTCTGTTCAGTTTAAATTGTGTGG,-0.07311499,100
CAGGCAACTTAATGGTTCGTATTGTTTCCGTGTGG,-0.33261728,100
CAGGTATCTTCAAACGGCGATTTTAAAAAGTGTGG,-0.028084517,100
ATGGTTACTGGGGGTGCCGAGTTTAAATTGTGTGG,-0.0062155128,100
AAGGTAACTTTTTTTGGTCAGTTTAAATTGTGTGG,-0.030250967,100
TATGTATCATAATATGGTCGGGCTCAAAAGTGTGG,-0.0007491112,100
AAGATATGTGCACCACGAACGTCAAAACGGTGTGG,-0.010491073,100
TATACAACATCTCTATCGAAATTTACATTGTGTGG,-0.046515167,100
AAGATTGCAGCAGGAGCTGAGTTTATCGTGTGTGG,-0.04747814,100
TACATAACATCAACGGACGAATTTACATTGTGTGG,0.0074084997,100
CAGGTAACTTTTATCTGTAGTTCTATCGTGTGTGG,-0.15984249,100
ATGGTAACTGGATCTTCCATCTGTATCGTGTGTGG,-0.009549975,100
AAGGTTGCTGGGGGTGCCGATTTTACATTGTGTGG,0.012075543,100
AAGGTTGCTTTGAGGGGCGATTTTACACTGTGTGG,0.027436614,100
TATACACCAGATTTTTTTATTTCTAAATTGTGTGG,0.05810225,12.57338709677419
TTGATATCGTATTGGTTTTTTTGTAAAATGTGTGG,-0.09161359,100
CATGCAACATCTAAAGGGGGGTGTTAAAAGTGTGG,-0.12288052,100
AAGGTATCTTGGGGTGCCGATTTTAAATTGTGTGG,-0.05553919,100
TATACACGAGCATCGGTAGGGGGGAGAAAGTGTGG,-0.084305346,100
ATGGTTGCAGGTGGTGGTAATTTTAACATGTGTGG,-0.08566803,100
ACGGCTGCAGCTACAGCAAAATTTAAAATGTGTGG,-0.07395846,100
AAGGTTGCAGCAAAAGGGGGATTTACATTGTGTGG,0.023500323,100
AAGATTGGAGCTTGTGTTCAGTGTAAATTGTGTGG,-0.03086251,100
ACGGCTGCTGGGGGAGCCGGATTTAAATTGTGTGG,-0.0010496378,100
TATACACCATATTGAGTCAATTTTACAGTGTGTGG,0.040191174,70.35105161290322
TTTGCACGTGAATGGTTTTTCCCTAAATTGTGTGG,0.007284045,100
AAGATTGATGAGTCTGCTCAGTTTAAAATGTGTGG,0.030599356,100
ATGATATCAACAGGAGGCACTTCAAAAAGGTGTGG,-0.23239356,100
AAGGTACATGAATCTGTTGAGTTTAAATTGTGTGG,0.061067462,3.008187096774184
CACACAACACTTTGAGTTTTGGCCAAAAGGTGTGG,-0.12471181,100
ATGGTAACTTTGTGTGGTGAGTTTAAAAGGTGTGG,0.04916799,41.393580645161286
AAGGTAGCATCAACAGACGGATTTACATTGTGTGG,-0.14871722,100
AAGGCAGCACCAAAAGGGGATTTTACATTGTGTGG,-0.030778587,100
CAGGTATCGTAATTTTCAATCTCTAAATTGTGTGG,0.017924666,100
TATATTCGAGAACCGTTTTTCTCTAAACGGTGTGG,-0.09773296,100
ATGATTGTTGGTTTTGTTCAGTTTAAATTGTGTGG,-0.07454133,100
CAGGTATCAGATTGTGTTTTCCCTAAATTGTGTGG,0.027952433,100
AAGGTTGATGTGACAGATTATTCTATTGTGTGTGG,-0.061700225,100
TATATAGCAGCAAAATACGGATTTACAGTGTGTGG,0.04912901,41.51932258064516
TAGATTGGAGCGGGTGCCGATTTTACAGTGTGTGG,0.00859046,100
AGGGCTGCACCAAAAGGCGATTTTAAATTGTGTGG,-0.014856458,100
TAGCTAGGAGCTCTCGGTCATTTTACATTGTGTGG,0.044353127,56.92539677419355
AAGATAGATGGATCTGCAGGATTTACATTGTGTGG,0.01241076,100
CAGGTAACATCAAGAGCCGATTTTACATTGTGTGG,-0.067937076,100
AAGGTAGCATTTTATTTTAAATGTAAAAGGTGTGG,0.053072214,28.79930967741936
GAGATAGAATCTAAAGACGATGTGAAAAGGTGTGG,0.02139175,100
GAGATACGTGAGTCTGACGATCGTATCGTGTGTGG,0.047840357,45.67626774193548
AAGGCTGCTGCATGAGTCGTTTCTAAATTGTGTGG,0.05089307,35.828806451612905
ATGGCTGTTTGACCCGCTTTCTCTAAAAAGTGTGG,0.018882513,100
CAGGTACATGGTCACTTCACCTTTAGAGGGTGTGG,-0.049165666,100
CAGGTATCAGCTTGTTTTATCTCTAAATGGTGTGG,0.04747975,46.839516129032255
AAGGTAACTTTGATCGGTCATTCTAAAAGGTGTGG,-0.012799382,100
AAGGTTACTTTGGGAGCCGATTTTACATTGTGTGG,0.057861686,13.349399999999989
CATACAGCACCTAAAGACGAATTTACAGTGTGTGG,-0.17739022,100
ATGGTATGTGCACCGGGAGGATTTTTTTTGTGTGG,-0.14456862,100
AAGGCAGCTGATTGGTTTCAGTTTTAAAAGTGTGG,-0.25078124,100
TTCATACAAGAATCTGTAACCTTTAAATTGTGTGG,-0.034334064,100
TACATAGTACCTAAAGACGAATTTAAATTGTGTGG,-5.096197e-05,100
AAGGTATCGGCTTGGTTTTTCTCTATACGGTGTGG,0.044029593,57.96905483870969
ACGGCTACTTGGGGTGCCGATTTTACATTGTGTGG,0.039434552,72.7917677419355
ATGGTAACTACCGTCTGTAATTTTACATTGTGTGG,-0.0054624677,100
ATGGTACATGTGTCTTTTATTTGTATTGTGTGTGG,0.061837196,0.5251741935483945
AAGGTTGCTGTGAACGACGACTGTACAGTGTGTGG,0.03831315,76.40919354838711
AAGGTTGCTGTGTCTGTTCAGTCTATACGGTGTGG,0.015690565,100
TATACAACACCTAATGACGAGGGGAAAAGGTGTGG,-0.026859105,100
AAGATATCGTATCACGGTAATTTGAAAAAGTGTGG,-0.15900415,100
TATATAGGAGAATATTTTACGTCAAAAAAGTGTGG,-0.5939307,100
ACGACTGCAGAGTACTTTTTCCCTAAATTGTGTGG,0.01584363,100
AAGGCAACTTTTATCGGGAACTCTAAATTGTGTGG,0.039370656,72.99788387096775
TATACACCATCTAAAGGTGATTTTACACGGTGTGG,-0.057352066,100
AAGGTTGCATCAGGAGGCGGATTTACATTGTGTGG,-0.13851202,100
ATGGTTGTTGCACACGGGAGTTTTACAGTGTGTGG,0.03579259,84.54003225806453
AAGGTATCGTTAATCGGGAGTGGTGAAAAGTGTGG,-0.23588765,100
TTGCTACGTGAGTCTGTCGAGGTGAAAAAGTGTGG,-0.18878168,100
ATGGTAACACCAACAGCGGGATTTACATTGTGTGG,0.03640294,82.57116129032258
AATATATCAGCAAAAGACGAATTTACATTGTGTGG,-0.0019646883,100
TATATAGGAGCTCAACCAAAATTTACACTGTGTGG,-0.18353337,100
TAGATTGGAGAATTTGCCACTCGTATTGTGTGTGG,-0.08230847,100
ATGGTAAATGGATCTGCAAAATTTACATTGTGTGG,0.010665059,100
AAGGTTGCAGCAGGTGCCACTTTTATACAGTGTGG,0.038079977,77.16136451612903
AAGGTTGATGGAGGTGCCGATTTTACATTGTGTGG,0.01918006,100
TTGATATGTGAATCGCGAAAATTTAAATTGTGTGG,0.0054159164,100
AAGGTAACTTTGACGGACGGATTTACATTGTGTGG,0.019718409,100
TAGATTGCTGTGTCGGACGATCGTATTGTGTGTGG,-0.005564809,100
AAGGTAACATCATGAGGGGGATTTACATTGTGTGG,0.011261702,100
TATATTGGAGATTCTGTCAATTTTACACTGTGTGG,-0.068748236,100
AATGTAACTTTTACAGACGATTTTAAATTGTGTGG,0.05356288,27.216516129032254
AGGGTTACTTCAAACGGCGATTTTAAATTGTGTGG,-0.16919768,100
AAGGCTGCATCTACACGTTAGTCTAAAAAGTGTGG,-0.006970346,100
TAGATTGTCGCTAAAGGCGCTCGTATTGTGTGTGG,-0.21071547,100
AAGGCTACTGTTGGCTTTTTTCGTAAAGTGTGTGG,0.0268147,100
AAGGTTACTGTAATTGCTAAATGTAAATGGTGTGG,-0.044900894,100
TTGATTGGAGCAGCTGATCAGTCAAAAAGGTGTGG,0.017552495,100
AGGGTCTCTGCAAGAGGCGAATTTACACTGTGTGG,-0.037519038,100
TATACACCAGAGTCTGCAGAATTTACATTGTGTGG,-0.056342483,100
AACATAACGTTGCTCCGTCAGGTCAAAAGGTGTGG,-0.117780864,100
AAGGTTGCTGGGTCTGCCGAGTGTAAATTGTGTGG,0.038285494,76.4984064516129
TTCACAACAACAAAAGACGGAGGTACAAGGTGTGG,0.05963993,7.613129032258059
AAGGTTGCAGCAACGGGGGGATTTACATTGTGTGG,-0.09765345,100
GTGCTACATGAGTGGTTTTTACCTAAATTGTGTGG,0.043723226,58.95733548387098
ATTGTAACTTCAAAAGGGGGATTTAAATTGTGTGG,-0.067874074,100
AAGGTTGCATTTTTTTTTACCCCAAAACTGTGTGG,-0.033164978,100
TCGGCTGCAGCTAAAGACGAATTTACAGTGTGTGG,-0.10577333,100
AAGATTGCTGCGGGTGTCGATGTGAAAAAGTGTGG,-0.04698354,100
GTGATATGTGCACCGTTAGTATTTAAATTGTGTGG,-0.040449142,100
ATGGTACCAGCAACTGCAGAATTTACATTGTGTGG,0.058665752,10.755638709677417
AAGGTATCTGTTTTTTTAATTTTTAAATTGTGTGG,-0.023149788,100
GTGATTTTATTTTGATTTTTATCTAAAATGTGTGG,-0.06538057,100
ATGGTGTCTGCTGGAGCCGATTTTACATTGTGTGG,-0.10533434,100
AAGATAGATGTTCTGTTCACCTCAAAACGGTGTGG,0.05959463,7.759258064516117
TAGATTGCAGCAGGAGCCGATTTTACAATGTGTGG,0.040792704,68.41063225806452
AATACACGAGATTTTTTTCCTCAAAAAAGGTGTGG,-0.15604836,100
GATACACCATAATCGTTAATCTCAAAACGGTGTGG,-0.289912,100
TATATAGCAGCTTAATGTGTTTCTAAATTGTGTGG,-0.0021535158,100
ATGGTGTTTGTCACCGGTAATTTTAAATTGTGTGG,-0.002258718,100
AAGATTTCGTAAAGCGTTTTCTCTAAAAGGTGTGG,-0.06205809,100
CCGGCAACTACTTGGGGTTATCCAAAAAGGTGTGG,-0.04196912,100
AAGGTAACATTTTCTTCCGAATTTAAATTGTGTGG,0.03302324,93.47341935483871
CAGGTAGCTGAATCTCTCAAATTTAAATTGTGTGG,-0.07172942,100
TATATACCACCAAAAGGGACTTCTATACGGTGTGG,0.0537678,26.555483870967745
TAGGTTGCAGCAGAAGCAGAATTTACATTGTGTGG,-0.0039795637,100
ACGGCAGTTGTTTTTTTTAATTTTAAAAAGTGTGG,0.013384104,100
AAGGTTGCTGGGTGTGCCGATTTTAAATTGTGTGG,-0.025623798,100
ATGGTTGCACCAAAAGGGGGATTTACATTGTGTGG,0.030954003,100
AAGGTTGCTGGGGGTGACGGCTGTATACGGTGTGG,0.01531136,100
AAGGTTACAGCAAGAGGGGTTCGTATTCTGTGTGG,-0.20450646,100
CATATATCATCTAGAGACGATTTTACAGTGTGTGG,0.0049592257,100
AAGGTAGCAGCATGTGTCGGTTTTTTTGTGTGTGG,-0.05010611,100
AAGGTACCTTCTACAGACGGATTTACATTGTGTGG,-0.053064704,100
ATGGCAACTGCAGGTGCCGATGTGAAAAAGTGTGG,-0.13584256,100
GAGATTGCAGCATCTGCAACTCGTATTGTGTGTGG,-0.07003456,100
ATGGCACTTGATTGGTTTCAGTTTAAATTGTGTGG,-0.061756074,100
AAGGTAACTGCAACGTCCGATTTTACATTGTGTGG,-0.043780148,100
GTGATCCGTGAACCGGGAACCTTCAAACGGTGTGG,-0.297772,100
ACGGCTGCAGAGTACGATGGAGTTAGAGTGTGTGG,-0.038142264,100
TATATACCAGAATCTGTTTATTCTACACGGTGTGG,-0.043013155,100
TAGATAACATATTGGTTTTTCTCTAAAAAGTGTGG,-0.027123332,100
GTGGTACATGGAGCAGCAAAATTTAAAAAGTGTGG,-0.05759096,100
AAGGTATCTGTATGTGGGGGGGCTATTGTGTGTGG,-0.015347362,100
GTGCTACATGATTCGTTTTTCTCTATACGGTGTGG,-0.016748726,100
AAGATACGTGAAACGGACGAATTGAAAAAGTGTGG,-0.042276442,100
ACGGCTGCTGGGACTGCAAAATTTAAAATGTGTGG,0.052113056,31.893367741935485
AAGATTGCATCAAGAGGCCCCTCTACATAGTGTGG,0.005743623,100
AAGGTAACTTCAGTGGGCAATTTTAAAATGTGTGG,-0.0008702278,100
TACACTGTAGCGCACTTTTTTCGTATTTTGTGTGG,-0.29200172,100
AAGGTTGCAGCAAAAGAGGGATTTACATTGTGTGG,0.022470117,100
GTGCTACGTGAGTCTGCCGTTCGTATTGTGTGTGG,-0.0005995035,100
TTGACACGATATTGGGTCGTCGCGAAAAGGTGTGG,-0.10681504,100
ACGGTTACTTTAACCGCGAGATTTAAATTGTGTGG,-0.03694278,100
CAGATTGCAGTGTCTGTCAATCGTATTGTGTGTGG,0.019585848,100
TTGCTACTTGAATCTGTAACCTCAATACGGTGTGG,-0.22679096,100
CAGGTAACTTTTGGGGGTTCCTCAAAAAAGTGTGG,-0.32200605,100
TTCATAAGAGAAACGTGGGGCGTTATACAGTGTGG,0.023647785,100
AATACACCATCAACAGCCGGATTTACATTGTGTGG,-0.007813752,100
CAGGTTGCAACAAAAGCCGATTTTACACTGTGTGG,0.019661546,100
AAGGTAGCATCAAAAGGGGGGGCAATTGGGTGTGG,0.04249096,62.93238709677419
GAGATATCGTATCACCGTTCCTCAAAAAGGTGTGG,-0.22863358,100
TACATAACGTGGTCTGCCGAATCTAAATTGTGTGG,0.04323733,60.524741935483874
AAGGTTGCAGCAGGGGGCTAATTTAAATTGTGTGG,-0.04916978,100
AAGGTAACTTTGATCGGTGGATTGAAACGGTGTGG,-0.11053336,100
AAGGCTGCAGCAAAAGGGGGTTTTACAGTGTGTGG,-0.012494683,100
AAGGCTGCAGCAGGTGGCCTTTTTACAATGTGTGG,-0.023333669,100
ATGATTGATGGGTGTGCAAATTTTACATTGTGTGG,0.04398918,58.0994193548387
TAGATAACATCTAAAGGTACGTCCATCCGGTGTGG,-0.20914382,100
AAGGTTGGAGAATCTGTCACCTCTAAATTGTGTGG,0.005439043,100
AAGGTATCGTAATATGGTATTCGTATTCTGTGTGG,0.022928238,100
AAGGTTGCTCCGAGAGCCGATTTTACATTGTGTGG,-0.10084158,100
AAGGTAGCAGCAGGTGCCCATTTTACATTGTGTGG,-0.042225063,100
ATGACTCTAGCATGAGTCTCTCGTATTCTGTGTGG,-0.2874372,100
AAGGTAACATAATCGGGGGGATTTACATTGTGTGG,0.037141204,80.18966451612904
TATACACCATAGTGTCCCAATTTTACAGTGTGTGG,-0.026723146,100
TATACAGCACCTAAAGACGATTTTACACGGTGTGG,-0.065527916,100
AAGGTTGATGAATCTGCAAATTTTACACTGTGTGG,0.058624983,10.887151612903235
AAGGTTGCAGTGGGTGCCGATTTTAAATTGTGTGG,-0.08516812,100
TATACACCAGAATCGTCAGAATTTAAAAGGTGTGG,-0.05227673,100
ACGGCTGCTGGAGGTGCCGATTTTACATTGTGTGG,-0.036326766,100
AAGGCTACATCAAGAGCCGGTTTTACATTGTGTGG,-0.060489893,100
AAGGCAACACCAAAGGGGGGATTTACATTGTGTGG,0.048279643,44.25921612903226
AATACAACATCTAAATACGGATCTACACGGTGTGG,-0.009333253,100
TAGGTATGTGAACCGGAAAAGTTTAAATTGTGTGG,0.042674065,62.34172580645162
TATATAACAGAGAGAGTTTATTCTATACAGTGTGG,-0.043775737,100
AAGGTAACTTCTGGAGCCGATTTTACATTGTGTGG,-0.008558035,100
AGGGTTGCAGCTAAAGATGGGGCTATTGTGTGTGG,-0.017826796,100
TAGATAACTTAGTCGGTTTGGTTTTTTCTGTGTGG,-0.4984342,100
GTGATATTTACTTTTGTTCAGCTTAAAAAGTGTGG,-0.006810069,100
ACGGCTGCTGGTGGTGTTCACTCTAGAGTGTGTGG,-0.0462299,100
AAGGTTGCATCAGATGGGAACTTTAAACAGTGTGG,-0.040349424,100
CAGATTGAAGCAACTGCCGGTTTTACATTGTGTGG,0.044439435,56.64698387096774
CAGGCAACACCAAGTGCCGATTTTACAGTGTGTGG,0.02493453,100
ATGGTGACTGTGTGTGTCTCCTCAAAACGGTGTGG,-0.08506185,100
AAGACTGCATCTCCCGGGGGATTTACATTGTGTGG,0.008089185,100
ACGGCTACATGAGGGGGCAATTTTAAAAAGTGTGG,-0.012398839,100
ACGGCTGCAGCAAAAGACGGATTTACATTGTGTGG,-0.018638372,100
TAGATTTGTGAACCGTCAACTTTTACATTGTGTGG,-0.10668886,100
TTGCTATTTGTGAAGCGTTAGTTTTTACAGTGTGG,0.026562452,100
TCGGCATCGTCTTGAGGGGATTTTACATTGTGTGG,0.0478791,45.55129032258064
CAGGCTACTGGGAGCGCTCATTTTAAAAAGTGTGG,0.041066647,67.52694516129033
TAGACACCATAGTGGTTTCACCCTAAAACGTGTGG,0.06138444,1.9856774193548477
ATGGTCGCTGGGGGTGGTGATTTTACAATGTGTGG,0.01563561,100
TATACACGTGAACCGCGATGGGCTAAAAGGTGTGG,-0.012512267,100
AAGATTGCAGCTTATTGTACCTCTACAGTGTGTGG,0.051008105,35.45772580645162
AATACAGCAGCAACTGCAAAATTTACATTGTGTGG,-0.07302433,100
ATGGTATCTGCTGTATCTAAATTTAAATTGTGTGG,0.04378152,58.769290322580645
AAGGCATCTTCATCAGCCGGTTTTATTGTGTGTGG,-0.0077557564,100
ATGGTTTCTGCAACTGCCGAATTTACATTGTGTGG,0.056432962,17.958187096774182
TTGCTACATGGTCCTGCAGAAATAAAAAGGTGTGG,-0.09625763,100
AAGGTTGCTGGGGGTGCTGATTTTACAGTGTGTGG,0.034852743,87.57179677419356
ATGGTGTCTGCGAATGACGGATTTACATTGTGTGG,-0.054464817,100
AAGGCTGCAGAATATTTTACCTCTAAACGGTGTGG,-0.09378672,100
GATATAGGAGAAACGGGAGGATTTAAATTGTGTGG,0.01891911,100
TATATACCTGCACCGGCAAATTCTACAGTGTGTGG,-0.055955708,100
TTGCTACATGAGTCTGCCTACACAAAACGGTGTGG,-0.39131612,100
AATATATCATAGAACGGTACTGCAAAAAGGTGTGG,-0.33670813,100
TATATACCAGAATGGGCAAACTTTACACTGTGTGG,0.04672742,49.2663870967742
AAGGTTACTTTGAACGGCGGATTTAAATTGTGTGG,-0.16602814,100
ATGGTAACTTGGTCTGTTAAATTTATTCTGTGTGG,-0.036233425,100
AAGATAGCAGCGGGAGCCGATTGTACAGTGTGTGG,0.03925824,73.36051612903226
AAGGCAACTGTTCTATTTAGTTTTGAATTGTGTGG,0.019629478,100
AAGACTGCAGAATCTGTCAACTTTAAAGTGTGTGG,0.006349325,100
CATACACCAGCATAAGGGGGATTTATCCGGTGTGG,-0.11958182,100
GTGGTATGTGAGTCTGTTATTCGTATTGTGTGTGG,-0.0077189207,100
TATATACCCCCGAGAGGCGATTTTACAGTGTGTGG,0.014989138,100
AATATAACGTGATCTGCAACATCTATAAAGTGTGG,-0.019708633,100
ATGGTCCATGGATGTGGTACCTCAAAAATGTGTGG,0.04006791,70.74867741935485
GAGATTGATACTCCAGCCGAATTTACACTGTGTGG,0.01421988,100
TTGATATGTGAATCTTTTTTATCTAAATTGTGTGG,-0.04581648,100
AATGCAGCACCAAAAGACGAATTTACATTGTGTGG,0.052699685,30.001016129032244
AGGGTTGTTGCGACGGGTGAGGTGAAAAAGTGTGG,-0.043052256,100
ATGGGTGCAGAATATTCAAACTTTACACTGTGTGG,0.029264808,100
AAGATTGGAGAGTTTGTTCACTCTAAATTGTGTGG,-0.219751,100
GTGATAGATATGACGGACGAATTTAAATTGTGTGG,0.021499753,100
AATACACCAGCATCTGCAGGATTTATACGGTGTGG,-0.016034663,100
ACGACTGTACCTAAAGGTGAGGTGAAAAAGTGTGG,0.0023419857,100
AAGGTAACTTTAACAGACGGATTTACATTGTGTGG,-0.015301704,100
TAGATACGAGATTACTGTATTCGTATTGTGTGTGG,-0.12037724,100
CAGGTAGCATCAAATGACGAATTTACATTGTGTGG,-0.04787612,100
CAGGTTGCACCAAAAGCCGATTTTACAATGTGTGG,0.046305656,50.62691612903225
TAGATATCATAGTGGTTTTTACCTAAAATGTGTGG,-0.06643975,100
CAGGTAACTGAGAGATCTAAATTTAAATTGTGTGG,-0.03942895,100
GTGATAGGTGAACAGCGTAATTTTATACAGTGTGG,-0.0997929,100
AAGGTATCTTCACAAGGAACCTCAAAAAAGTGTGG,-0.22432536,100
ATGGCTGTTGATCCCTCAGATTTTACAGTGTGTGG,0.014552474,100
TTCATATGTGAACCACGAAACGCTATACAGTGTGG,-0.022887826,100
CAGATTGGAGATTTTTTTATTTCTAAATTGTGTGG,0.04666519,49.467129032258065
AAGGTTGCATTAGGGGCCGATTTTACAGTGTGTGG,0.040710688,68.67519999999999
TTGCTACATGAGTCTGTCGACGTGAAACGGTGTGG,-0.12977242,100
GAGATACAAGCAACTGCCGAATTTAAATTGTGTGG,-0.024184763,100
